{
    "tileGrid": {
        "x": 0,
        "y": 20
    },
    "buildings": [
        {
            "Center": {
                "x": -986.5260009765625,
                "y": 0.24529995024204255,
                "z": 949.2369384765625
            },
            "HalfSize": {
                "x": 2.1086740493774416,
                "y": 0.24529995024204255,
                "z": 6.597943305969238
            },
            "Angle": 84.68538665771485
        },
        {
            "Center": {
                "x": -985.7252807617188,
                "y": 0.24529995024204255,
                "z": 943.4005126953125
            },
            "HalfSize": {
                "x": 5.172209739685059,
                "y": 0.24529995024204255,
                "z": 1.9848958253860474
            },
            "Angle": 5.145362854003906
        },
        {
            "Center": {
                "x": -1036.5009765625,
                "y": 0.24529995024204255,
                "z": 972.7347412109375
            },
            "HalfSize": {
                "x": 2.6236648559570314,
                "y": 0.24529995024204255,
                "z": 5.828733444213867
            },
            "Angle": 88.54363250732422
        }
    ]
}