{
    "tileGrid": {
        "x": 10,
        "y": 0
    },
    "buildings": [
        {
            "Center": {
                "x": -56.896453857421878,
                "y": 0.24529995024204255,
                "z": -1040.7608642578125
            },
            "HalfSize": {
                "x": 1.1084158420562745,
                "y": 0.24529995024204255,
                "z": 3.712620258331299
            },
            "Angle": 64.36573791503906
        },
        {
            "Center": {
                "x": -53.28874206542969,
                "y": 0.24529995024204255,
                "z": -1034.003173828125
            },
            "HalfSize": {
                "x": 1.7551345825195313,
                "y": 0.24529995024204255,
                "z": 1.8729238510131837
            },
            "Angle": 66.50113677978516
        },
        {
            "Center": {
                "x": -14.368139266967774,
                "y": 0.24529995024204255,
                "z": -1057.6729736328125
            },
            "HalfSize": {
                "x": 8.079740524291993,
                "y": 0.24529995024204255,
                "z": 7.766507148742676
            },
            "Angle": 63.07221221923828
        },
        {
            "Center": {
                "x": -44.601531982421878,
                "y": 0.24529995024204255,
                "z": -1047.388671875
            },
            "HalfSize": {
                "x": 5.223159313201904,
                "y": 0.24529995024204255,
                "z": 8.423637390136719
            },
            "Angle": 64.47030639648438
        }
    ]
}