{
    "tileGrid": {
        "x": 10,
        "y": 14
    },
    "buildings": [
        {
            "Center": {
                "x": 21.69658851623535,
                "y": 0.24529995024204255,
                "z": 363.7212219238281
            },
            "HalfSize": {
                "x": 2.2546653747558595,
                "y": 0.24529995024204255,
                "z": 3.0961880683898927
            },
            "Angle": 29.0
        },
        {
            "Center": {
                "x": 20.32298469543457,
                "y": 0.24529995024204255,
                "z": 408.51995849609377
            },
            "HalfSize": {
                "x": 3.326354742050171,
                "y": 0.24529995024204255,
                "z": 2.703634262084961
            },
            "Angle": 29.0
        }
    ]
}