{
    "tileGrid": {
        "x": 10,
        "y": 15
    },
    "buildings": [
        {
            "Center": {
                "x": -54.07044982910156,
                "y": 0.24529995024204255,
                "z": 469.24981689453127
            },
            "HalfSize": {
                "x": 17.580341339111329,
                "y": 0.24529995024204255,
                "z": 10.542142868041993
            },
            "Angle": 29.0
        }
    ]
}