{
    "tileGrid": {
        "x": 10,
        "y": 3
    },
    "buildings": [
        {
            "Center": {
                "x": 18.0403995513916,
                "y": 0.24529995024204255,
                "z": -753.1299438476563
            },
            "HalfSize": {
                "x": 8.71004867553711,
                "y": 0.24529995024204255,
                "z": 8.622072219848633
            },
            "Angle": 29.0
        }
    ]
}