{
    "tileGrid": {
        "x": 11,
        "y": 2
    },
    "buildings": [
        {
            "Center": {
                "x": 90.1374282836914,
                "y": 0.24529995024204255,
                "z": -822.0401611328125
            },
            "HalfSize": {
                "x": 3.1288223266601564,
                "y": 0.24529995024204255,
                "z": 2.9615964889526369
            },
            "Angle": 29.0
        },
        {
            "Center": {
                "x": 85.66031646728516,
                "y": 0.24529995024204255,
                "z": -830.3826904296875
            },
            "HalfSize": {
                "x": 3.1335806846618654,
                "y": 0.24529995024204255,
                "z": 2.9509201049804689
            },
            "Angle": 29.000001907348634
        }
    ]
}