{
    "tileGrid": {
        "x": 12,
        "y": 1
    },
    "buildings": [
        {
            "Center": {
                "x": 124.91554260253906,
                "y": 1.4717997312545777,
                "z": -939.7240600585938
            },
            "HalfSize": {
                "x": 3.6603660583496095,
                "y": 1.4717997312545777,
                "z": 1.475998878479004
            },
            "Angle": 29.0
        },
        {
            "Center": {
                "x": 129.18658447265626,
                "y": 1.4717997312545777,
                "z": -949.3717651367188
            },
            "HalfSize": {
                "x": 5.532234191894531,
                "y": 1.4717997312545777,
                "z": 1.4759989976882935
            },
            "Angle": 29.0
        },
        {
            "Center": {
                "x": 126.33085632324219,
                "y": 1.4717997312545777,
                "z": -944.9227294921875
            },
            "HalfSize": {
                "x": 5.419752597808838,
                "y": 1.4717997312545777,
                "z": 1.4759998321533204
            },
            "Angle": 29.0
        }
    ]
}