{
    "tileGrid": {
        "x": 13,
        "y": 15
    },
    "buildings": [
        {
            "Center": {
                "x": 222.36087036132813,
                "y": 0.24529995024204255,
                "z": 491.10394287109377
            },
            "HalfSize": {
                "x": 4.002934455871582,
                "y": 0.24529995024204255,
                "z": 7.184937477111816
            },
            "Angle": 28.999996185302736
        }
    ]
}