{
    "tileGrid": {
        "x": 13,
        "y": 16
    },
    "buildings": [
        {
            "Center": {
                "x": 225.37460327148438,
                "y": 0.24529995024204255,
                "z": 611.6783447265625
            },
            "HalfSize": {
                "x": 4.185474395751953,
                "y": 0.24529995024204255,
                "z": 1.2033259868621827
            },
            "Angle": 29.0
        }
    ]
}