{
    "tileGrid": {
        "x": 13,
        "y": 18
    },
    "buildings": [
        {
            "Center": {
                "x": 244.16744995117188,
                "y": 24.52999496459961,
                "z": 773.2299194335938
            },
            "HalfSize": {
                "x": 5.724133491516113,
                "y": 24.52999496459961,
                "z": 2.2512741088867189
            },
            "Angle": 29.0
        },
        {
            "Center": {
                "x": 229.7655792236328,
                "y": 24.52999496459961,
                "z": 774.4625854492188
            },
            "HalfSize": {
                "x": 5.079948425292969,
                "y": 24.52999496459961,
                "z": 5.1752705574035648
            },
            "Angle": 29.0
        }
    ]
}