{
    "tileGrid": {
        "x": 13,
        "y": 5
    },
    "buildings": [
        {
            "Center": {
                "x": 243.94021606445313,
                "y": 0.24529995024204255,
                "z": -585.2473754882813
            },
            "HalfSize": {
                "x": 1.1167147159576417,
                "y": 0.24529995024204255,
                "z": 5.323746681213379
            },
            "Angle": 73.89227294921875
        },
        {
            "Center": {
                "x": 299.0596008300781,
                "y": 0.24529995024204255,
                "z": -585.6515502929688
            },
            "HalfSize": {
                "x": 0.33956319093704226,
                "y": 0.24529995024204255,
                "z": 1.2612407207489014
            },
            "Angle": 74.93157958984375
        },
        {
            "Center": {
                "x": 312.47076416015627,
                "y": 0.24529995024204255,
                "z": -493.7001953125
            },
            "HalfSize": {
                "x": 5.084859848022461,
                "y": 0.24529995024204255,
                "z": 4.8137288093566898
            },
            "Angle": 85.74615478515625
        }
    ]
}