{
    "tileGrid": {
        "x": 14,
        "y": 16
    },
    "buildings": [
        {
            "Center": {
                "x": 369.5017395019531,
                "y": 0.24529995024204255,
                "z": 614.334716796875
            },
            "HalfSize": {
                "x": 0.2882658839225769,
                "y": 0.24529995024204255,
                "z": 0.17546120285987855
            },
            "Angle": 29.0
        }
    ]
}