{
    "tileGrid": {
        "x": 14,
        "y": 19
    },
    "buildings": [
        {
            "Center": {
                "x": 413.6931457519531,
                "y": 0.24529995024204255,
                "z": 864.7199096679688
            },
            "HalfSize": {
                "x": 11.196832656860352,
                "y": 0.24529995024204255,
                "z": 3.2344489097595217
            },
            "Angle": 29.0
        },
        {
            "Center": {
                "x": 386.1456604003906,
                "y": 0.24529995024204255,
                "z": 902.4993286132813
            },
            "HalfSize": {
                "x": 20.610401153564454,
                "y": 0.24529995024204255,
                "z": 6.6616973876953129
            },
            "Angle": 29.0
        }
    ]
}