{
    "tileGrid": {
        "x": 14,
        "y": 15
    },
    "buildings": [
        {
            "Center": {
                "x": 418.9030456542969,
                "y": 0.24529995024204255,
                "z": 463.9764404296875
            },
            "HalfSize": {
                "x": 5.012121677398682,
                "y": 0.24529995024204255,
                "z": 5.576263427734375
            },
            "Angle": 29.0
        }
    ]
}