{
    "tileGrid": {
        "x": 14,
        "y": 11
    },
    "buildings": [
        {
            "Center": {
                "x": 414.11376953125,
                "y": 0.24529995024204255,
                "z": 42.556270599365237
            },
            "HalfSize": {
                "x": 3.9051308631896974,
                "y": 0.24529995024204255,
                "z": 3.235750198364258
            },
            "Angle": 28.999996185302736
        },
        {
            "Center": {
                "x": 410.32666015625,
                "y": 2.2076995372772219,
                "z": 49.19952392578125
            },
            "HalfSize": {
                "x": 5.233989715576172,
                "y": 2.2076995372772219,
                "z": 1.6125508546829224
            },
            "Angle": 7.2414398193359379
        },
        {
            "Center": {
                "x": 336.01025390625,
                "y": 0.24529995024204255,
                "z": 32.41485595703125
            },
            "HalfSize": {
                "x": 4.9091081619262699,
                "y": 0.24529995024204255,
                "z": 13.959230422973633
            },
            "Angle": 5.3392333984375
        }
    ]
}