{
    "tileGrid": {
        "x": 14,
        "y": 3
    },
    "buildings": [
        {
            "Center": {
                "x": 416.1005859375,
                "y": 0.24529995024204255,
                "z": -746.3692626953125
            },
            "HalfSize": {
                "x": 1.4012190103530884,
                "y": 0.24529995024204255,
                "z": 2.3253912925720217
            },
            "Angle": 70.41583251953125
        }
    ]
}