{
    "tileGrid": {
        "x": 14,
        "y": 4
    },
    "buildings": [
        {
            "Center": {
                "x": 349.3525390625,
                "y": 0.24529995024204255,
                "z": -588.8985595703125
            },
            "HalfSize": {
                "x": 1.47951078414917,
                "y": 0.24529995024204255,
                "z": 5.678134918212891
            },
            "Angle": 86.9159164428711
        },
        {
            "Center": {
                "x": 384.91162109375,
                "y": 0.24529995024204255,
                "z": -586.2862548828125
            },
            "HalfSize": {
                "x": 1.7833549976348878,
                "y": 0.24529995024204255,
                "z": 2.409489631652832
            },
            "Angle": 65.71852111816406
        },
        {
            "Center": {
                "x": 380.88330078125,
                "y": 0.24529995024204255,
                "z": -585.6514892578125
            },
            "HalfSize": {
                "x": 0.7059336304664612,
                "y": 0.24529995024204255,
                "z": 1.5295207500457764
            },
            "Angle": 65.2248306274414
        }
    ]
}