{
    "tileGrid": {
        "x": 15,
        "y": 10
    },
    "buildings": [
        {
            "Center": {
                "x": 519.5000610351563,
                "y": 0.24529995024204255,
                "z": -38.920841217041019
            },
            "HalfSize": {
                "x": 3.6694021224975588,
                "y": 0.24529995024204255,
                "z": 1.4874331951141358
            },
            "Angle": 29.0
        },
        {
            "Center": {
                "x": 510.6910705566406,
                "y": 0.24529995024204255,
                "z": -49.2320671081543
            },
            "HalfSize": {
                "x": 5.399439334869385,
                "y": 0.24529995024204255,
                "z": 2.386975049972534
            },
            "Angle": 29.0
        },
        {
            "Center": {
                "x": 516.90625,
                "y": 0.24529995024204255,
                "z": -68.00017547607422
            },
            "HalfSize": {
                "x": 4.997527122497559,
                "y": 0.24529995024204255,
                "z": 1.578382134437561
            },
            "Angle": 44.39128112792969
        },
        {
            "Center": {
                "x": 487.0122375488281,
                "y": 0.24529995024204255,
                "z": -51.46708297729492
            },
            "HalfSize": {
                "x": 4.037082195281982,
                "y": 0.24529995024204255,
                "z": 2.7906150817871095
            },
            "Angle": 29.000003814697267
        }
    ]
}