{
    "tileGrid": {
        "x": 15,
        "y": 12
    },
    "buildings": [
        {
            "Center": {
                "x": 438.9443359375,
                "y": 0.24529995024204255,
                "z": 143.18812561035157
            },
            "HalfSize": {
                "x": 2.7529821395874025,
                "y": 0.24529995024204255,
                "z": 1.3836719989776612
            },
            "Angle": 29.0
        },
        {
            "Center": {
                "x": 470.49993896484377,
                "y": 0.24529995024204255,
                "z": 151.2982635498047
            },
            "HalfSize": {
                "x": 3.7520556449890138,
                "y": 0.24529995024204255,
                "z": 1.8156490325927735
            },
            "Angle": 29.0
        }
    ]
}