{
    "tileGrid": {
        "x": 15,
        "y": 18
    },
    "buildings": [
        {
            "Center": {
                "x": 492.7428283691406,
                "y": 0.24529995024204255,
                "z": 714.5128173828125
            },
            "HalfSize": {
                "x": 4.558868885040283,
                "y": 0.24529995024204255,
                "z": 2.7150328159332277
            },
            "Angle": 29.0
        },
        {
            "Center": {
                "x": 490.96942138671877,
                "y": 0.24529995024204255,
                "z": 742.3992919921875
            },
            "HalfSize": {
                "x": 4.857610702514648,
                "y": 0.24529995024204255,
                "z": 4.1233696937561039
            },
            "Angle": 29.0
        },
        {
            "Center": {
                "x": 497.220458984375,
                "y": 0.7358998656272888,
                "z": 732.2854614257813
            },
            "HalfSize": {
                "x": 6.388187885284424,
                "y": 0.7358998656272888,
                "z": 5.306781768798828
            },
            "Angle": 29.0
        },
        {
            "Center": {
                "x": 479.63604736328127,
                "y": 1.4717997312545777,
                "z": 725.8077392578125
            },
            "HalfSize": {
                "x": 10.178585052490235,
                "y": 1.4717997312545777,
                "z": 11.538627624511719
            },
            "Angle": 29.0
        }
    ]
}