{
    "tileGrid": {
        "x": 15,
        "y": 16
    },
    "buildings": [
        {
            "Center": {
                "x": 519.6395874023438,
                "y": 0.24529995024204255,
                "z": 514.8388061523438
            },
            "HalfSize": {
                "x": 3.429079055786133,
                "y": 0.24529995024204255,
                "z": 1.488718032836914
            },
            "Angle": 29.0
        },
        {
            "Center": {
                "x": 506.897216796875,
                "y": 0.24529995024204255,
                "z": 530.3603515625
            },
            "HalfSize": {
                "x": 3.752295970916748,
                "y": 0.24529995024204255,
                "z": 1.2555062770843506
            },
            "Angle": 29.0
        },
        {
            "Center": {
                "x": 513.4680786132813,
                "y": 0.24529995024204255,
                "z": 527.3511352539063
            },
            "HalfSize": {
                "x": 4.342743396759033,
                "y": 0.24529995024204255,
                "z": 1.2559853792190552
            },
            "Angle": 29.0
        },
        {
            "Center": {
                "x": 516.7392578125,
                "y": 0.24529995024204255,
                "z": 520.813232421875
            },
            "HalfSize": {
                "x": 7.105442047119141,
                "y": 0.24529995024204255,
                "z": 1.6648186445236207
            },
            "Angle": 29.0
        }
    ]
}