{
    "tileGrid": {
        "x": 15,
        "y": 19
    },
    "buildings": [
        {
            "Center": {
                "x": 422.30364990234377,
                "y": 0.24529995024204255,
                "z": 869.2822875976563
            },
            "HalfSize": {
                "x": 1.7654227018356324,
                "y": 0.24529995024204255,
                "z": 2.904010772705078
            },
            "Angle": 29.0
        },
        {
            "Center": {
                "x": 511.15087890625,
                "y": 0.24529995024204255,
                "z": 911.8282470703125
            },
            "HalfSize": {
                "x": 2.4490814208984377,
                "y": 0.24529995024204255,
                "z": 2.688666343688965
            },
            "Angle": 3.9911201000213625
        }
    ]
}