{
    "tileGrid": {
        "x": 15,
        "y": 17
    },
    "buildings": [
        {
            "Center": {
                "x": 479.2525634765625,
                "y": 1.4717997312545777,
                "z": 714.2733764648438
            },
            "HalfSize": {
                "x": 3.1068646907806398,
                "y": 1.4717997312545777,
                "z": 1.8080089092254639
            },
            "Angle": 29.0
        },
        {
            "Center": {
                "x": 491.5493469238281,
                "y": 0.24529995024204255,
                "z": 708.1788330078125
            },
            "HalfSize": {
                "x": 9.027965545654297,
                "y": 0.24529995024204255,
                "z": 7.288457870483398
            },
            "Angle": 29.0
        }
    ]
}