{
    "tileGrid": {
        "x": 15,
        "y": 2
    },
    "buildings": [
        {
            "Center": {
                "x": 519.31103515625,
                "y": 0.24529995024204255,
                "z": -851.2032470703125
            },
            "HalfSize": {
                "x": 2.4658145904541017,
                "y": 0.24529995024204255,
                "z": 3.4194631576538088
            },
            "Angle": 78.44881439208985
        },
        {
            "Center": {
                "x": 498.8355712890625,
                "y": 3.2706661224365236,
                "z": -847.94287109375
            },
            "HalfSize": {
                "x": 2.1820855140686037,
                "y": 3.2706661224365236,
                "z": 7.916970729827881
            },
            "Angle": 75.53519439697266
        },
        {
            "Center": {
                "x": 500.9658508300781,
                "y": 0.24529995024204255,
                "z": -834.2162475585938
            },
            "HalfSize": {
                "x": 6.286375045776367,
                "y": 0.24529995024204255,
                "z": 7.5071563720703129
            },
            "Angle": 74.33177185058594
        },
        {
            "Center": {
                "x": 518.7466430664063,
                "y": 7.3589982986450199,
                "z": -837.5338134765625
            },
            "HalfSize": {
                "x": 2.9295408725738527,
                "y": 7.3589982986450199,
                "z": 3.4584546089172365
            },
            "Angle": 80.90953063964844
        }
    ]
}