{
    "tileGrid": {
        "x": 15,
        "y": 20
    },
    "buildings": [
        {
            "Center": {
                "x": 508.947265625,
                "y": 0.24529995024204255,
                "z": 914.5925903320313
            },
            "HalfSize": {
                "x": 0.3169848918914795,
                "y": 0.24529995024204255,
                "z": 0.26029306650161745
            },
            "Angle": 2.862427234649658
        }
    ]
}