{
    "tileGrid": {
        "x": 15,
        "y": 3
    },
    "buildings": [
        {
            "Center": {
                "x": 434.8787841796875,
                "y": 0.24529995024204255,
                "z": -691.2645874023438
            },
            "HalfSize": {
                "x": 5.098132133483887,
                "y": 0.24529995024204255,
                "z": 2.670994758605957
            },
            "Angle": 71.0294189453125
        }
    ]
}