{
    "tileGrid": {
        "x": 16,
        "y": 1
    },
    "buildings": [
        {
            "Center": {
                "x": 571.6939697265625,
                "y": 0.24529995024204255,
                "z": -983.375
            },
            "HalfSize": {
                "x": 13.992515563964844,
                "y": 0.24529995024204255,
                "z": 9.180343627929688
            },
            "Angle": 29.0
        }
    ]
}