{
    "tileGrid": {
        "x": 16,
        "y": 17
    },
    "buildings": [
        {
            "Center": {
                "x": 539.1488647460938,
                "y": 0.24529995024204255,
                "z": 694.9044799804688
            },
            "HalfSize": {
                "x": 8.540852546691895,
                "y": 0.24529995024204255,
                "z": 4.662412166595459
            },
            "Angle": 29.0
        }
    ]
}