{
    "tileGrid": {
        "x": 16,
        "y": 2
    },
    "buildings": [
        {
            "Center": {
                "x": 523.97412109375,
                "y": 0.24529995024204255,
                "z": -852.1553344726563
            },
            "HalfSize": {
                "x": 2.465820789337158,
                "y": 0.24529995024204255,
                "z": 2.3416504859924318
            },
            "Angle": 78.5713882446289
        },
        {
            "Center": {
                "x": 522.32861328125,
                "y": 7.3589982986450199,
                "z": -836.5987548828125
            },
            "HalfSize": {
                "x": 1.4535739421844483,
                "y": 7.3589982986450199,
                "z": 0.3694356679916382
            },
            "Angle": 81.86984252929688
        },
        {
            "Center": {
                "x": 528.6527099609375,
                "y": 7.3589982986450199,
                "z": -839.65185546875
            },
            "HalfSize": {
                "x": 2.9291834831237795,
                "y": 7.3589982986450199,
                "z": 3.6054577827453615
            },
            "Angle": 81.15814971923828
        }
    ]
}