{
    "tileGrid": {
        "x": 16,
        "y": 4
    },
    "buildings": [
        {
            "Center": {
                "x": 588.7576904296875,
                "y": 0.24529995024204255,
                "z": -638.2086181640625
            },
            "HalfSize": {
                "x": 6.405124187469482,
                "y": 0.24529995024204255,
                "z": 6.308757781982422
            },
            "Angle": 82.47610473632813
        },
        {
            "Center": {
                "x": 574.8408203125,
                "y": 0.24529995024204255,
                "z": -635.2730712890625
            },
            "HalfSize": {
                "x": 7.702829360961914,
                "y": 0.24529995024204255,
                "z": 12.437551498413086
            },
            "Angle": 72.97278594970703
        }
    ]
}