{
    "tileGrid": {
        "x": 17,
        "y": 0
    },
    "buildings": [
        {
            "Center": {
                "x": 642.0160522460938,
                "y": 0.24529995024204255,
                "z": -986.860107421875
            },
            "HalfSize": {
                "x": 12.402349472045899,
                "y": 0.24529995024204255,
                "z": 4.042313575744629
            },
            "Angle": 12.736274719238282
        },
        {
            "Center": {
                "x": 626.3056640625,
                "y": 0.24529995024204255,
                "z": -1079.7921142578125
            },
            "HalfSize": {
                "x": 4.138181686401367,
                "y": 0.24529995024204255,
                "z": 5.859375
            },
            "Angle": 0.0
        }
    ]
}