{
    "tileGrid": {
        "x": 17,
        "y": 19
    },
    "buildings": [
        {
            "Center": {
                "x": 721.9768676757813,
                "y": 0.24529995024204255,
                "z": 818.1123657226563
            },
            "HalfSize": {
                "x": 0.8748723864555359,
                "y": 0.24529995024204255,
                "z": 1.1850910186767579
            },
            "Angle": 29.0
        },
        {
            "Center": {
                "x": 633.8292846679688,
                "y": 0.24529995024204255,
                "z": 862.8057861328125
            },
            "HalfSize": {
                "x": 5.563633918762207,
                "y": 0.24529995024204255,
                "z": 4.984302043914795
            },
            "Angle": 29.0
        }
    ]
}