{
    "tileGrid": {
        "x": 17,
        "y": 10
    },
    "buildings": [
        {
            "Center": {
                "x": 643.0968627929688,
                "y": 0.24529995024204255,
                "z": -39.830955505371097
            },
            "HalfSize": {
                "x": 7.242720127105713,
                "y": 0.24529995024204255,
                "z": 2.250875473022461
            },
            "Angle": 29.0
        },
        {
            "Center": {
                "x": 650.3131103515625,
                "y": 0.24529995024204255,
                "z": -49.7636604309082
            },
            "HalfSize": {
                "x": 8.423853874206543,
                "y": 0.24529995024204255,
                "z": 2.5544188022613527
            },
            "Angle": 29.0
        },
        {
            "Center": {
                "x": 697.960205078125,
                "y": 0.4905999004840851,
                "z": -30.196229934692384
            },
            "HalfSize": {
                "x": 10.906842231750489,
                "y": 0.4905999004840851,
                "z": 5.088954925537109
            },
            "Angle": 28.999998092651368
        }
    ]
}