{
    "tileGrid": {
        "x": 17,
        "y": 18
    },
    "buildings": [
        {
            "Center": {
                "x": 721.45947265625,
                "y": 0.24529995024204255,
                "z": 715.227294921875
            },
            "HalfSize": {
                "x": 0.7080059051513672,
                "y": 0.24529995024204255,
                "z": 0.87890625
            },
            "Angle": 0.0
        }
    ]
}