{
    "tileGrid": {
        "x": 17,
        "y": 13
    },
    "buildings": [
        {
            "Center": {
                "x": 630.3644409179688,
                "y": 0.24529995024204255,
                "z": 214.38156127929688
            },
            "HalfSize": {
                "x": 1.2064456939697266,
                "y": 0.24529995024204255,
                "z": 0.7066071033477783
            },
            "Angle": 29.0
        }
    ]
}