{
    "tileGrid": {
        "x": 17,
        "y": 16
    },
    "buildings": [
        {
            "Center": {
                "x": 686.4960327148438,
                "y": 0.24529995024204255,
                "z": 544.5534057617188
            },
            "HalfSize": {
                "x": 1.3940538167953492,
                "y": 0.24529995024204255,
                "z": 3.918628692626953
            },
            "Angle": 52.628150939941409
        },
        {
            "Center": {
                "x": 720.16455078125,
                "y": 0.24529995024204255,
                "z": 527.9813842773438
            },
            "HalfSize": {
                "x": 3.7928524017333986,
                "y": 0.24529995024204255,
                "z": 2.280250072479248
            },
            "Angle": 46.1744384765625
        },
        {
            "Center": {
                "x": 689.8525390625,
                "y": 0.24529995024204255,
                "z": 549.7108764648438
            },
            "HalfSize": {
                "x": 3.852552890777588,
                "y": 0.24529995024204255,
                "z": 4.213700294494629
            },
            "Angle": 50.15017318725586
        },
        {
            "Center": {
                "x": 651.0053100585938,
                "y": 0.24529995024204255,
                "z": 530.8030395507813
            },
            "HalfSize": {
                "x": 31.673324584960939,
                "y": 0.24529995024204255,
                "z": 22.584625244140626
            },
            "Angle": 47.16285705566406
        }
    ]
}