{
    "tileGrid": {
        "x": 17,
        "y": 1
    },
    "buildings": [
        {
            "Center": {
                "x": 640.9886474609375,
                "y": 0.24529995024204255,
                "z": -982.3001098632813
            },
            "HalfSize": {
                "x": 12.405630111694336,
                "y": 0.24529995024204255,
                "z": 6.245540618896484
            },
            "Angle": 12.759346008300782
        }
    ]
}