{
    "tileGrid": {
        "x": 17,
        "y": 17
    },
    "buildings": [
        {
            "Center": {
                "x": 721.5026245117188,
                "y": 0.24529995024204255,
                "z": 710.0510864257813
            },
            "HalfSize": {
                "x": 2.6648917198181154,
                "y": 0.24529995024204255,
                "z": 4.1227312088012699
            },
            "Angle": 29.0
        }
    ]
}