{
    "tileGrid": {
        "x": 17,
        "y": 14
    },
    "buildings": [
        {
            "Center": {
                "x": 682.3964233398438,
                "y": 0.24529995024204255,
                "z": 414.0631103515625
            },
            "HalfSize": {
                "x": 1.7402706146240235,
                "y": 0.24529995024204255,
                "z": 1.2908978462219239
            },
            "Angle": 29.0
        },
        {
            "Center": {
                "x": 642.3523559570313,
                "y": 0.9811998009681702,
                "z": 376.0288391113281
            },
            "HalfSize": {
                "x": 11.473933219909668,
                "y": 0.9811998009681702,
                "z": 6.9290056228637699
            },
            "Angle": 29.0
        },
        {
            "Center": {
                "x": 689.6227416992188,
                "y": 0.24529995024204255,
                "z": 411.96929931640627
            },
            "HalfSize": {
                "x": 1.9222904443740845,
                "y": 0.24529995024204255,
                "z": 3.2522196769714357
            },
            "Angle": 29.0
        }
    ]
}