{
    "tileGrid": {
        "x": 17,
        "y": 3
    },
    "buildings": [
        {
            "Center": {
                "x": 712.2154541015625,
                "y": 0.24529995024204255,
                "z": -719.0502319335938
            },
            "HalfSize": {
                "x": 15.024904251098633,
                "y": 0.24529995024204255,
                "z": 8.754667282104493
            },
            "Angle": 29.0
        }
    ]
}