{
    "tileGrid": {
        "x": 17,
        "y": 8
    },
    "buildings": [
        {
            "Center": {
                "x": 624.2772827148438,
                "y": 0.24529995024204255,
                "z": -206.63345336914063
            },
            "HalfSize": {
                "x": 2.941079616546631,
                "y": 0.24529995024204255,
                "z": 1.8356029987335206
            },
            "Angle": 29.000003814697267
        },
        {
            "Center": {
                "x": 626.823974609375,
                "y": 0.24529995024204255,
                "z": -216.58474731445313
            },
            "HalfSize": {
                "x": 5.281996250152588,
                "y": 0.24529995024204255,
                "z": 1.8096150159835816
            },
            "Angle": 29.0
        },
        {
            "Center": {
                "x": 625.0390625,
                "y": 0.24529995024204255,
                "z": -233.1476287841797
            },
            "HalfSize": {
                "x": 3.8083181381225588,
                "y": 0.24529995024204255,
                "z": 2.3152410984039308
            },
            "Angle": 29.0
        }
    ]
}