{
    "tileGrid": {
        "x": 18,
        "y": 0
    },
    "buildings": [
        {
            "Center": {
                "x": 807.0322265625,
                "y": 0.24529995024204255,
                "z": -1038.1275634765625
            },
            "HalfSize": {
                "x": 8.05778694152832,
                "y": 0.24529995024204255,
                "z": 7.7763214111328129
            },
            "Angle": 9.290267944335938
        },
        {
            "Center": {
                "x": 777.5643920898438,
                "y": 0.24529995024204255,
                "z": -1040.884033203125
            },
            "HalfSize": {
                "x": 5.001004219055176,
                "y": 0.24529995024204255,
                "z": 3.1186039447784426
            },
            "Angle": 9.462326049804688
        },
        {
            "Center": {
                "x": 781.8484497070313,
                "y": 0.24529995024204255,
                "z": -1027.28759765625
            },
            "HalfSize": {
                "x": 11.334836959838868,
                "y": 0.24529995024204255,
                "z": 2.6349472999572756
            },
            "Angle": 9.046409606933594
        },
        {
            "Center": {
                "x": 807.15283203125,
                "y": 0.24529995024204255,
                "z": -1011.061767578125
            },
            "HalfSize": {
                "x": 11.192835807800293,
                "y": 0.24529995024204255,
                "z": 10.929465293884278
            },
            "Angle": 2.5637664794921877
        }
    ]
}