{
    "tileGrid": {
        "x": 18,
        "y": 18
    },
    "buildings": [
        {
            "Center": {
                "x": 724.483642578125,
                "y": 0.24529995024204255,
                "z": 714.6994018554688
            },
            "HalfSize": {
                "x": 1.735666275024414,
                "y": 0.24529995024204255,
                "z": 2.6840667724609377
            },
            "Angle": 50.80680847167969
        }
    ]
}