{
    "tileGrid": {
        "x": 18,
        "y": 13
    },
    "buildings": [
        {
            "Center": {
                "x": 755.0303344726563,
                "y": 0.24529995024204255,
                "z": 298.88482666015627
            },
            "HalfSize": {
                "x": 7.843838691711426,
                "y": 0.24529995024204255,
                "z": 3.945354461669922
            },
            "Angle": 29.0
        }
    ]
}