{
    "tileGrid": {
        "x": 18,
        "y": 10
    },
    "buildings": [
        {
            "Center": {
                "x": 804.4764404296875,
                "y": 0.24529995024204255,
                "z": 13.913681030273438
            },
            "HalfSize": {
                "x": 3.192237377166748,
                "y": 0.24529995024204255,
                "z": 1.2723884582519532
            },
            "Angle": 29.0
        },
        {
            "Center": {
                "x": 812.8657836914063,
                "y": 0.24529995024204255,
                "z": -66.23015594482422
            },
            "HalfSize": {
                "x": 2.1624975204467775,
                "y": 0.24529995024204255,
                "z": 1.7304377555847169
            },
            "Angle": 29.0
        },
        {
            "Center": {
                "x": 821.586669921875,
                "y": 0.24529995024204255,
                "z": -79.50109100341797
            },
            "HalfSize": {
                "x": 2.083165407180786,
                "y": 0.24529995024204255,
                "z": 4.956262588500977
            },
            "Angle": 29.0
        },
        {
            "Center": {
                "x": 818.5841674804688,
                "y": 0.24529995024204255,
                "z": -72.51158142089844
            },
            "HalfSize": {
                "x": 2.3411993980407717,
                "y": 0.24529995024204255,
                "z": 2.138704776763916
            },
            "Angle": 29.000001907348634
        }
    ]
}