{
    "tileGrid": {
        "x": 18,
        "y": 17
    },
    "buildings": [
        {
            "Center": {
                "x": 726.8696899414063,
                "y": 0.24529995024204255,
                "z": 709.2789916992188
            },
            "HalfSize": {
                "x": 5.844851493835449,
                "y": 0.24529995024204255,
                "z": 6.71348762512207
            },
            "Angle": 29.0
        },
        {
            "Center": {
                "x": 748.4310302734375,
                "y": 0.4905999004840851,
                "z": 681.9225463867188
            },
            "HalfSize": {
                "x": 1.486809492111206,
                "y": 0.4905999004840851,
                "z": 12.153081893920899
            },
            "Angle": 60.0183219909668
        }
    ]
}