{
    "tileGrid": {
        "x": 18,
        "y": 19
    },
    "buildings": [
        {
            "Center": {
                "x": 727.0416259765625,
                "y": 0.24529995024204255,
                "z": 820.6474609375
            },
            "HalfSize": {
                "x": 6.097691059112549,
                "y": 0.24529995024204255,
                "z": 3.5050547122955324
            },
            "Angle": 29.0
        }
    ]
}