{
    "tileGrid": {
        "x": 18,
        "y": 1
    },
    "buildings": [
        {
            "Center": {
                "x": 795.575439453125,
                "y": 0.24529995024204255,
                "z": -957.5050048828125
            },
            "HalfSize": {
                "x": 6.484789848327637,
                "y": 0.24529995024204255,
                "z": 18.108657836914064
            },
            "Angle": 28.999998092651368
        }
    ]
}