{
    "tileGrid": {
        "x": 18,
        "y": 3
    },
    "buildings": [
        {
            "Center": {
                "x": 724.8756713867188,
                "y": 0.24529995024204255,
                "z": -712.3287353515625
            },
            "HalfSize": {
                "x": 6.053194999694824,
                "y": 0.24529995024204255,
                "z": 6.836974620819092
            },
            "Angle": 29.0
        }
    ]
}