{
    "tileGrid": {
        "x": 18,
        "y": 4
    },
    "buildings": [
        {
            "Center": {
                "x": 820.4192504882813,
                "y": 0.24529995024204255,
                "z": -606.4794311523438
            },
            "HalfSize": {
                "x": 2.941619873046875,
                "y": 0.24529995024204255,
                "z": 5.614238739013672
            },
            "Angle": 11.920608520507813
        },
        {
            "Center": {
                "x": 810.7905883789063,
                "y": 0.24529995024204255,
                "z": -615.0826416015625
            },
            "HalfSize": {
                "x": 2.750704288482666,
                "y": 0.24529995024204255,
                "z": 16.893648147583009
            },
            "Angle": 11.293701171875
        },
        {
            "Center": {
                "x": 731.8253173828125,
                "y": 0.24529995024204255,
                "z": -621.0452880859375
            },
            "HalfSize": {
                "x": 7.770432472229004,
                "y": 0.24529995024204255,
                "z": 8.288341522216797
            },
            "Angle": 29.0
        }
    ]
}