{
    "tileGrid": {
        "x": 18,
        "y": 5
    },
    "buildings": [
        {
            "Center": {
                "x": 724.1694946289063,
                "y": 0.24529995024204255,
                "z": -487.97088623046877
            },
            "HalfSize": {
                "x": 2.001953125,
                "y": 0.24529995024204255,
                "z": 2.319334030151367
            },
            "Angle": 0.0
        },
        {
            "Center": {
                "x": 795.1135864257813,
                "y": 0.24529995024204255,
                "z": -562.4961547851563
            },
            "HalfSize": {
                "x": 3.5729424953460695,
                "y": 0.24529995024204255,
                "z": 3.7451517581939699
            },
            "Angle": 12.039833068847657
        }
    ]
}