{
    "tileGrid": {
        "x": 18,
        "y": 8
    },
    "buildings": [
        {
            "Center": {
                "x": 810.7803344726563,
                "y": 1.4717997312545777,
                "z": -185.6572265625
            },
            "HalfSize": {
                "x": 0.3533654808998108,
                "y": 1.4717997312545777,
                "z": 0.18937967717647553
            },
            "Angle": 29.0
        }
    ]
}