{
    "tileGrid": {
        "x": 19,
        "y": 13
    },
    "buildings": [
        {
            "Center": {
                "x": 891.5079956054688,
                "y": 0.24529995024204255,
                "z": 313.9658508300781
            },
            "HalfSize": {
                "x": 2.978745937347412,
                "y": 0.24529995024204255,
                "z": 2.088599681854248
            },
            "Angle": 29.0
        }
    ]
}