{
    "tileGrid": {
        "x": 19,
        "y": 17
    },
    "buildings": [
        {
            "Center": {
                "x": 844.0853881835938,
                "y": 0.24529995024204255,
                "z": 614.3811645507813
            },
            "HalfSize": {
                "x": 1.9751543998718262,
                "y": 0.24529995024204255,
                "z": 1.1322331428527833
            },
            "Angle": 29.0
        },
        {
            "Center": {
                "x": 831.489990234375,
                "y": 0.7358998656272888,
                "z": 624.248779296875
            },
            "HalfSize": {
                "x": 1.4759608507156373,
                "y": 0.7358998656272888,
                "z": 2.015622854232788
            },
            "Angle": 29.0
        },
        {
            "Center": {
                "x": 922.1426391601563,
                "y": 0.24529995024204255,
                "z": 701.8423461914063
            },
            "HalfSize": {
                "x": 2.785367965698242,
                "y": 0.24529995024204255,
                "z": 2.2340731620788576
            },
            "Angle": 50.869598388671878
        },
        {
            "Center": {
                "x": 832.7401123046875,
                "y": 0.7358998656272888,
                "z": 631.14453125
            },
            "HalfSize": {
                "x": 3.613142490386963,
                "y": 0.7358998656272888,
                "z": 1.792532205581665
            },
            "Angle": 29.0
        }
    ]
}