{
    "tileGrid": {
        "x": 19,
        "y": 11
    },
    "buildings": [
        {
            "Center": {
                "x": 920.2093505859375,
                "y": 0.24529995024204255,
                "z": 86.17350006103516
            },
            "HalfSize": {
                "x": 7.572052001953125,
                "y": 0.24529995024204255,
                "z": 9.621415138244629
            },
            "Angle": 29.0
        },
        {
            "Center": {
                "x": 868.908203125,
                "y": 0.24529995024204255,
                "z": 62.26104736328125
            },
            "HalfSize": {
                "x": 3.3469905853271486,
                "y": 0.24529995024204255,
                "z": 2.340451717376709
            },
            "Angle": 53.61552429199219
        },
        {
            "Center": {
                "x": 911.4310302734375,
                "y": 0.24529995024204255,
                "z": 102.75665283203125
            },
            "HalfSize": {
                "x": 10.559709548950196,
                "y": 0.24529995024204255,
                "z": 8.410967826843262
            },
            "Angle": 29.0
        }
    ]
}