{
    "tileGrid": {
        "x": 19,
        "y": 1
    },
    "buildings": [
        {
            "Center": {
                "x": 905.29736328125,
                "y": 0.24529995024204255,
                "z": -905.7321166992188
            },
            "HalfSize": {
                "x": 5.648032188415527,
                "y": 0.24529995024204255,
                "z": 4.162830829620361
            },
            "Angle": 12.487983703613282
        }
    ]
}