{
    "tileGrid": {
        "x": 19,
        "y": 14
    },
    "buildings": [
        {
            "Center": {
                "x": 887.5864868164063,
                "y": 0.24529995024204255,
                "z": 320.3893737792969
            },
            "HalfSize": {
                "x": 5.937892436981201,
                "y": 0.24529995024204255,
                "z": 8.721155166625977
            },
            "Angle": 29.0
        },
        {
            "Center": {
                "x": 891.9188232421875,
                "y": 0.24529995024204255,
                "z": 339.19842529296877
            },
            "HalfSize": {
                "x": 7.332807540893555,
                "y": 0.24529995024204255,
                "z": 6.549615859985352
            },
            "Angle": 29.0
        },
        {
            "Center": {
                "x": 910.056884765625,
                "y": 0.24529995024204255,
                "z": 340.98297119140627
            },
            "HalfSize": {
                "x": 3.5002565383911135,
                "y": 0.24529995024204255,
                "z": 3.530848979949951
            },
            "Angle": 29.0
        },
        {
            "Center": {
                "x": 901.83740234375,
                "y": 0.24529995024204255,
                "z": 350.0260925292969
            },
            "HalfSize": {
                "x": 3.5002565383911135,
                "y": 0.24529995024204255,
                "z": 3.5474438667297365
            },
            "Angle": 29.0
        }
    ]
}