{
    "tileGrid": {
        "x": 19,
        "y": 2
    },
    "buildings": [
        {
            "Center": {
                "x": 911.03466796875,
                "y": 0.24529995024204255,
                "z": -800.0191650390625
            },
            "HalfSize": {
                "x": 0.7131309509277344,
                "y": 0.24529995024204255,
                "z": 2.611051559448242
            },
            "Angle": 10.619704246520996
        },
        {
            "Center": {
                "x": 918.522705078125,
                "y": 0.24529995024204255,
                "z": -806.1175537109375
            },
            "HalfSize": {
                "x": 7.1459479331970219,
                "y": 0.24529995024204255,
                "z": 21.43598747253418
            },
            "Angle": 13.069198608398438
        }
    ]
}