{
    "tileGrid": {
        "x": 19,
        "y": 5
    },
    "buildings": [
        {
            "Center": {
                "x": 869.77490234375,
                "y": 0.24529995024204255,
                "z": -571.7843627929688
            },
            "HalfSize": {
                "x": 3.007901191711426,
                "y": 0.24529995024204255,
                "z": 2.4854345321655275
            },
            "Angle": 29.000001907348634
        },
        {
            "Center": {
                "x": 864.5679931640625,
                "y": 0.24529995024204255,
                "z": -582.4149169921875
            },
            "HalfSize": {
                "x": 7.4140214920043949,
                "y": 0.24529995024204255,
                "z": 2.508108615875244
            },
            "Angle": 29.0
        }
    ]
}