{
    "tileGrid": {
        "x": 1,
        "y": 15
    },
    "buildings": [
        {
            "Center": {
                "x": -925.6998901367188,
                "y": 0.24529995024204255,
                "z": 459.35491943359377
            },
            "HalfSize": {
                "x": 6.9741668701171879,
                "y": 0.24529995024204255,
                "z": 4.114626884460449
            },
            "Angle": 29.0
        },
        {
            "Center": {
                "x": -913.480712890625,
                "y": 0.24529995024204255,
                "z": 462.84808349609377
            },
            "HalfSize": {
                "x": 3.6973929405212404,
                "y": 0.24529995024204255,
                "z": 3.8139350414276125
            },
            "Angle": 11.639022827148438
        },
        {
            "Center": {
                "x": -937.8667602539063,
                "y": 0.24529995024204255,
                "z": 457.0018310546875
            },
            "HalfSize": {
                "x": 4.113618850708008,
                "y": 0.24529995024204255,
                "z": 4.365380764007568
            },
            "Angle": 29.0
        }
    ]
}