{
    "tileGrid": {
        "x": 20,
        "y": 15
    },
    "buildings": [
        {
            "Center": {
                "x": 1012.9395141601563,
                "y": 0.24529995024204255,
                "z": 505.7696228027344
            },
            "HalfSize": {
                "x": 3.149836540222168,
                "y": 0.24529995024204255,
                "z": 3.103672981262207
            },
            "Angle": 49.53764343261719
        },
        {
            "Center": {
                "x": 1014.351806640625,
                "y": 0.24529995024204255,
                "z": 513.8684692382813
            },
            "HalfSize": {
                "x": 2.1572132110595705,
                "y": 0.24529995024204255,
                "z": 1.6373870372772217
            },
            "Angle": 29.0
        },
        {
            "Center": {
                "x": 1021.221435546875,
                "y": 0.24529995024204255,
                "z": 510.6069641113281
            },
            "HalfSize": {
                "x": 3.00382137298584,
                "y": 0.24529995024204255,
                "z": 2.977926254272461
            },
            "Angle": 45.0
        }
    ]
}