{
    "tileGrid": {
        "x": 20,
        "y": 16
    },
    "buildings": [
        {
            "Center": {
                "x": 1014.0311889648438,
                "y": 0.24529995024204255,
                "z": 515.1190185546875
            },
            "HalfSize": {
                "x": 2.2897329330444338,
                "y": 0.24529995024204255,
                "z": 1.8961821794509888
            },
            "Angle": 29.0
        },
        {
            "Center": {
                "x": 1020.4034423828125,
                "y": 0.24529995024204255,
                "z": 518.9415893554688
            },
            "HalfSize": {
                "x": 2.3461129665374758,
                "y": 0.24529995024204255,
                "z": 2.356349468231201
            },
            "Angle": 29.0
        }
    ]
}