{
    "tileGrid": {
        "x": 20,
        "y": 4
    },
    "buildings": [
        {
            "Center": {
                "x": 1017.6322631835938,
                "y": 0.24529995024204255,
                "z": -660.1522827148438
            },
            "HalfSize": {
                "x": 3.5718424320220949,
                "y": 0.24529995024204255,
                "z": 4.531830787658691
            },
            "Angle": 11.271377563476563
        },
        {
            "Center": {
                "x": 923.9255981445313,
                "y": 0.24529995024204255,
                "z": -674.1478271484375
            },
            "HalfSize": {
                "x": 1.899629831314087,
                "y": 0.24529995024204255,
                "z": 10.126532554626465
            },
            "Angle": 0.8068923950195313
        },
        {
            "Center": {
                "x": 1010.4609375,
                "y": 6.950165748596191,
                "z": -614.6798095703125
            },
            "HalfSize": {
                "x": 6.059601783752441,
                "y": 4.497165679931641,
                "z": 20.692232131958009
            },
            "Angle": 10.76669979095459
        }
    ]
}