{
    "tileGrid": {
        "x": 20,
        "y": 5
    },
    "buildings": [
        {
            "Center": {
                "x": 1022.1595458984375,
                "y": 0.24529995024204255,
                "z": -560.0547485351563
            },
            "HalfSize": {
                "x": 0.2227555364370346,
                "y": 0.24529995024204255,
                "z": 1.288379430770874
            },
            "Angle": 9.462394714355469
        },
        {
            "Center": {
                "x": 1022.1663818359375,
                "y": 10.547898292541504,
                "z": -545.4600830078125
            },
            "HalfSize": {
                "x": 2.8503618240356447,
                "y": 10.547898292541504,
                "z": 15.641881942749024
            },
            "Angle": 10.33135986328125
        }
    ]
}