{
    "tileGrid": {
        "x": 20,
        "y": 6
    },
    "buildings": [
        {
            "Center": {
                "x": 998.5712890625,
                "y": 0.24529995024204255,
                "z": -428.8145446777344
            },
            "HalfSize": {
                "x": 1.6455817222595215,
                "y": 0.24529995024204255,
                "z": 1.8673498630523682
            },
            "Angle": 29.0
        }
    ]
}