{
    "tileGrid": {
        "x": 2,
        "y": 11
    },
    "buildings": [
        {
            "Center": {
                "x": -873.4192504882813,
                "y": 0.24529995024204255,
                "z": 20.164447784423829
            },
            "HalfSize": {
                "x": 1.4001110792160035,
                "y": 0.24529995024204255,
                "z": 6.3915534019470219
            },
            "Angle": 29.000001907348634
        },
        {
            "Center": {
                "x": -868.5108642578125,
                "y": 0.24529995024204255,
                "z": 21.911033630371095
            },
            "HalfSize": {
                "x": 2.82564115524292,
                "y": 0.24529995024204255,
                "z": 5.932583808898926
            },
            "Angle": 29.0
        },
        {
            "Center": {
                "x": -780.8231811523438,
                "y": 0.24529995024204255,
                "z": 51.73858642578125
            },
            "HalfSize": {
                "x": 1.5148532390594483,
                "y": 0.24529995024204255,
                "z": 0.8179613351821899
            },
            "Angle": 52.2060432434082
        }
    ]
}