{
    "tileGrid": {
        "x": 2,
        "y": 14
    },
    "buildings": [
        {
            "Center": {
                "x": -868.1060791015625,
                "y": 0.24529995024204255,
                "z": 375.862060546875
            },
            "HalfSize": {
                "x": 2.2609329223632814,
                "y": 0.24529995024204255,
                "z": 3.9368772506713869
            },
            "Angle": 89.2882308959961
        },
        {
            "Center": {
                "x": -777.9559936523438,
                "y": 0.24529995024204255,
                "z": 399.6086730957031
            },
            "HalfSize": {
                "x": 0.25663623213768008,
                "y": 0.24529995024204255,
                "z": 2.792245864868164
            },
            "Angle": 2.7263259887695314
        },
        {
            "Center": {
                "x": -778.601318359375,
                "y": 0.24529995024204255,
                "z": 408.5849609375
            },
            "HalfSize": {
                "x": 0.8744571805000305,
                "y": 0.24529995024204255,
                "z": 1.0448439121246338
            },
            "Angle": 5.5722198486328129
        },
        {
            "Center": {
                "x": -778.1032104492188,
                "y": 0.24529995024204255,
                "z": 404.817626953125
            },
            "HalfSize": {
                "x": 0.35421431064605715,
                "y": 0.24529995024204255,
                "z": 2.4155564308166506
            },
            "Angle": 1.9749298095703126
        }
    ]
}