{
    "tileGrid": {
        "x": 3,
        "y": 15
    },
    "buildings": [
        {
            "Center": {
                "x": -774.2606201171875,
                "y": 0.24529995024204255,
                "z": 491.5858154296875
            },
            "HalfSize": {
                "x": 4.492854118347168,
                "y": 0.24529995024204255,
                "z": 1.6539053916931153
            },
            "Angle": 29.0
        }
    ]
}