{
    "tileGrid": {
        "x": 4,
        "y": 0
    },
    "buildings": [
        {
            "Center": {
                "x": -634.5435791015625,
                "y": 0.24529995024204255,
                "z": -987.5418090820313
            },
            "HalfSize": {
                "x": 4.266448974609375,
                "y": 0.24529995024204255,
                "z": 3.725947856903076
            },
            "Angle": 29.0
        },
        {
            "Center": {
                "x": -650.7735595703125,
                "y": 0.24529995024204255,
                "z": -988.0676879882813
            },
            "HalfSize": {
                "x": 4.859010696411133,
                "y": 0.24529995024204255,
                "z": 3.5768940448760988
            },
            "Angle": 54.402286529541019
        },
        {
            "Center": {
                "x": -611.345703125,
                "y": 0.24529995024204255,
                "z": -991.9444580078125
            },
            "HalfSize": {
                "x": 7.269626617431641,
                "y": 0.24529995024204255,
                "z": 6.326061248779297
            },
            "Angle": 29.0
        }
    ]
}