{
    "tileGrid": {
        "x": 4,
        "y": 19
    },
    "buildings": [
        {
            "Center": {
                "x": -592.4425048828125,
                "y": 0.24529995024204255,
                "z": 912.9972534179688
            },
            "HalfSize": {
                "x": 7.134112358093262,
                "y": 0.24529995024204255,
                "z": 2.4096641540527345
            },
            "Angle": 29.0
        },
        {
            "Center": {
                "x": -613.0006103515625,
                "y": 0.24529995024204255,
                "z": 901.6224365234375
            },
            "HalfSize": {
                "x": 8.05617618560791,
                "y": 0.24529995024204255,
                "z": 2.537093162536621
            },
            "Angle": 29.0
        },
        {
            "Center": {
                "x": -606.5745239257813,
                "y": 0.24529995024204255,
                "z": 891.3713989257813
            },
            "HalfSize": {
                "x": 8.050256729125977,
                "y": 0.24529995024204255,
                "z": 2.537095785140991
            },
            "Angle": 29.0
        },
        {
            "Center": {
                "x": -585.6806030273438,
                "y": 0.24529995024204255,
                "z": 903.3546142578125
            },
            "HalfSize": {
                "x": 8.056177139282227,
                "y": 0.24529995024204255,
                "z": 2.5384931564331056
            },
            "Angle": 29.0
        }
    ]
}