{
    "tileGrid": {
        "x": 4,
        "y": 20
    },
    "buildings": [
        {
            "Center": {
                "x": -585.2909545898438,
                "y": 0.24529995024204255,
                "z": 941.3748168945313
            },
            "HalfSize": {
                "x": 7.088923454284668,
                "y": 0.24529995024204255,
                "z": 2.758530378341675
            },
            "Angle": 29.0
        },
        {
            "Center": {
                "x": -588.7562866210938,
                "y": 0.24529995024204255,
                "z": 915.1679077148438
            },
            "HalfSize": {
                "x": 4.680551528930664,
                "y": 0.24529995024204255,
                "z": 2.5430104732513429
            },
            "Angle": 29.0
        }
    ]
}