{
    "tileGrid": {
        "x": 5,
        "y": 15
    },
    "buildings": [
        {
            "Center": {
                "x": -477.85687255859377,
                "y": 0.24529995024204255,
                "z": 464.2019348144531
            },
            "HalfSize": {
                "x": 0.0244140625,
                "y": 0.24529995024204255,
                "z": 0.341796875
            },
            "Angle": 0.0
        },
        {
            "Center": {
                "x": -480.11553955078127,
                "y": 0.24529995024204255,
                "z": 458.1571960449219
            },
            "HalfSize": {
                "x": 2.3022165298461916,
                "y": 0.24529995024204255,
                "z": 14.354925155639649
            },
            "Angle": 4.534795761108398
        }
    ]
}