{
    "tileGrid": {
        "x": 6,
        "y": 14
    },
    "buildings": [
        {
            "Center": {
                "x": -423.8529968261719,
                "y": 0.24529995024204255,
                "z": 414.34844970703127
            },
            "HalfSize": {
                "x": 0.29251328110694888,
                "y": 0.24529995024204255,
                "z": 0.3600122928619385
            },
            "Angle": 50.905826568603519
        },
        {
            "Center": {
                "x": -396.5705871582031,
                "y": 0.7358998656272888,
                "z": 315.5602111816406
            },
            "HalfSize": {
                "x": 7.793853282928467,
                "y": 0.7358998656272888,
                "z": 5.70565938949585
            },
            "Angle": 29.0
        },
        {
            "Center": {
                "x": -453.41839599609377,
                "y": 0.7358998656272888,
                "z": 315.6587829589844
            },
            "HalfSize": {
                "x": 6.35788631439209,
                "y": 0.7358998656272888,
                "z": 3.773648262023926
            },
            "Angle": 29.0
        }
    ]
}