{
    "tileGrid": {
        "x": 7,
        "y": 0
    },
    "buildings": [
        {
            "Center": {
                "x": -293.73876953125,
                "y": 0.24529995024204255,
                "z": -1055.33642578125
            },
            "HalfSize": {
                "x": 6.107769012451172,
                "y": 0.24529995024204255,
                "z": 4.069280624389648
            },
            "Angle": 29.0
        },
        {
            "Center": {
                "x": -277.8324890136719,
                "y": 0.24529995024204255,
                "z": -1078.7178955078125
            },
            "HalfSize": {
                "x": 0.17471462488174439,
                "y": 0.24529995024204255,
                "z": 0.9359824657440186
            },
            "Angle": 10.5731201171875
        },
        {
            "Center": {
                "x": -279.5624694824219,
                "y": 0.24529995024204255,
                "z": -1075.95947265625
            },
            "HalfSize": {
                "x": 2.706763505935669,
                "y": 0.24529995024204255,
                "z": 6.00930643081665
            },
            "Angle": 10.97216796875
        }
    ]
}