{
    "tileGrid": {
        "x": 7,
        "y": 1
    },
    "buildings": [
        {
            "Center": {
                "x": -277.85992431640627,
                "y": 0.24529995024204255,
                "z": -896.225830078125
            },
            "HalfSize": {
                "x": 0.3450058698654175,
                "y": 0.24529995024204255,
                "z": 0.5658550262451172
            },
            "Angle": 29.0
        }
    ]
}