{
    "tileGrid": {
        "x": 8,
        "y": 1
    },
    "buildings": [
        {
            "Center": {
                "x": -274.44525146484377,
                "y": 0.24529995024204255,
                "z": -894.7357788085938
            },
            "HalfSize": {
                "x": 3.991218090057373,
                "y": 0.24529995024204255,
                "z": 1.3091291189193726
            },
            "Angle": 29.0
        },
        {
            "Center": {
                "x": -245.26724243164063,
                "y": 0.24529995024204255,
                "z": -900.71923828125
            },
            "HalfSize": {
                "x": 12.25075912475586,
                "y": 0.24529995024204255,
                "z": 15.922998428344727
            },
            "Angle": 29.0
        },
        {
            "Center": {
                "x": -216.0300750732422,
                "y": 0.24529995024204255,
                "z": -894.9005737304688
            },
            "HalfSize": {
                "x": 8.62289047241211,
                "y": 0.24529995024204255,
                "z": 8.606934547424317
            },
            "Angle": 49.61063766479492
        }
    ]
}